{"global_step": 8999936, "_timestamp": 1670592056.04042, "_runtime": 3329, "_step": 73758, "charts/learning_rate": 1.4222323763135591e-08, "losses/value_loss": 22033.39453125, "losses/policy_loss": 5.066394805908203e-07, "losses/entropy": 0.7001599073410034, "losses/old_approx_kl": 7.413327693939209e-07, "losses/approx_kl": 0.0, "losses/clipfrac": 0.0, "losses/explained_variance": 0.0, "charts/SPS": 2711.0, "charts/episodic_return": 1924.0, "charts/episodic_length": 178.0, "_wandb": {"runtime": 3327}}