{"global_step": 8999936, "_timestamp": 1670594695.039448, "_runtime": 3690, "_step": 39222, "charts/learning_rate": 1.4222323763135591e-08, "losses/value_loss": 82.71912384033203, "losses/policy_loss": -2.421438694000244e-08, "losses/entropy": 0.017605718225240707, "losses/old_approx_kl": 3.3527612686157227e-08, "losses/approx_kl": 0.0, "losses/clipfrac": 0.0, "losses/explained_variance": 0.0002269148826599121, "charts/SPS": 2442.0, "charts/episodic_return": -2000.0, "charts/episodic_length": 2000.0, "_wandb": {"runtime": 3689}}